-- phpMyAdmin SQL Dump
-- version 5.2.1
-- https://www.phpmyadmin.net/
--
-- 主機： 127.0.0.1
-- 產生時間： 2023-12-13 16:39:51
-- 伺服器版本： 10.4.32-MariaDB
-- PHP 版本： 8.2.12

SET SQL_MODE = "NO_AUTO_VALUE_ON_ZERO";
START TRANSACTION;
SET time_zone = "+00:00";


/*!40101 SET @OLD_CHARACTER_SET_CLIENT=@@CHARACTER_SET_CLIENT */;
/*!40101 SET @OLD_CHARACTER_SET_RESULTS=@@CHARACTER_SET_RESULTS */;
/*!40101 SET @OLD_COLLATION_CONNECTION=@@COLLATION_CONNECTION */;
/*!40101 SET NAMES utf8mb4 */;

--
-- 資料庫： `diving`
--

-- --------------------------------------------------------

--
-- 資料表結構 `coach`
--

CREATE TABLE `coach` (
  `id` int(4) UNSIGNED NOT NULL,
  `name` varchar(30) NOT NULL,
  `gender` varchar(4) NOT NULL,
  `birth` date NOT NULL,
  `email` varchar(30) NOT NULL,
  `phone` varchar(30) NOT NULL,
  `city` varchar(30) NOT NULL,
  `experience` varchar(30) NOT NULL,
  `info` varchar(255) NOT NULL,
  `skill` varchar(30) NOT NULL,
  `img` varchar(50) DEFAULT NULL,
  `created_at` date NOT NULL,
  `upload_at` datetime DEFAULT NULL,
  `valid` tinyint(4) NOT NULL
) ENGINE=InnoDB DEFAULT CHARSET=utf8mb4 COLLATE=utf8mb4_unicode_ci;

--
-- 傾印資料表的資料 `coach`
--

INSERT INTO `coach` (`id`, `name`, `gender`, `birth`, `email`, `phone`, `city`, `experience`, `info`, `skill`, `img`, `created_at`, `upload_at`, `valid`) VALUES
(1, '陳城智', '2', '1990-01-01', 'bowles7815@gmail.com', '0911405548', '新北市', '4', '非常喜愛各種戶外運動：自由潛水、水肺潛水、開放式海域長泳、鐵人三項等⋯ 也時常參與各種賽事，自由潛水是一項身心靈協調的運動，當你學會了如何在水裡放鬆，定能感受到海裡世界的美好與神奇。看見另一個世界的奇妙生物，聽見自己的聲音，感受水深不同的溫度，快來跟我一起優美又自由的潛水吧～', '5566', 'default.png', '2023-12-01', '2023-12-11 00:02:25', 1),
(2, '邵川杭', '男', '1997-06-21', 'martha8568@icloud.com', '0986677348', '花蓮縣', '3', '非常喜愛各種戶外運動：自由潛水、水肺潛水、開放式海域長泳、鐵人三項等⋯ 也時常參與各種賽事，自由潛水是一項身心靈協調的運動，當你學會了如何在水裡放鬆，定能感受到海裡世界的美好與神奇。看見另一個世界的奇妙生物，聽見自己的聲音，感受水深不同的溫度，快來跟我一起優美又自由的潛水吧～', '1', 'penguin.jpg', '2023-12-02', NULL, 1),
(3, '謝倫樸', '男', '1997-04-02', 'jackson1643@gmail.com', '0924566204', '桃園市', '4', '非常喜愛各種戶外運動：自由潛水、水肺潛水、開放式海域長泳、鐵人三項等⋯ 也時常參與各種賽事，自由潛水是一項身心靈協調的運動，當你學會了如何在水裡放鬆，定能感受到海裡世界的美好與神奇。看見另一個世界的奇妙生物，聽見自己的聲音，感受水深不同的溫度，快來跟我一起優美又自由的潛水吧～', '1', 'penguin.jpg', '2023-12-03', NULL, 1),
(4, '許玫蓓', '女', '1964-07-11', 'farmiga1594@gmail.com', '0968957835', '臺南市', '1', '非常喜愛各種戶外運動：自由潛水、水肺潛水、開放式海域長泳、鐵人三項等⋯ 也時常參與各種賽事，自由潛水是一項身心靈協調的運動，當你學會了如何在水裡放鬆，定能感受到海裡世界的美好與神奇。看見另一個世界的奇妙生物，聽見自己的聲音，感受水深不同的溫度，快來跟我一起優美又自由的潛水吧～', '1', 'penguin.jpg', '2023-10-01', NULL, 2),
(5, '曾恩汝', '女', '2014-07-20', 'julian156@hotmail.com', '0929409415', '苗栗縣', '2', '非常喜愛各種戶外運動：自由潛水、水肺潛水、開放式海域長泳、鐵人三項等⋯ 也時常參與各種賽事，自由潛水是一項身心靈協調的運動，當你學會了如何在水裡放鬆，定能感受到海裡世界的美好與神奇。看見另一個世界的奇妙生物，聽見自己的聲音，感受水深不同的溫度，快來跟我一起優美又自由的潛水吧～', '1', 'penguin.jpg', '2023-10-02', NULL, 2),
(6, '李吉港', '女', '1990-01-01', 'kelly387@outlook.com', '0952234261', '嘉義縣', '4', '非常喜愛各種戶外運動：自由潛水、水肺潛水、開放式海域長泳、鐵人三項等⋯ 也時常參與各種賽事，自由潛水是一項身心靈協調的運動，當你學會了如何在水裡放鬆，定能感受到海裡世界的美好與神奇。看見另一個世界的奇妙生物，聽見自己的聲音，感受水深不同的溫度，快來跟我一起優美又自由的潛水吧～', '123', 'penguin.jpg', '2023-10-03', '2023-12-09 23:29:47', 1),
(7, '湯泉藝', '女', '1994-07-05', 'teller5109@gmail.com', '0971610596', '臺中市', '4', '非常喜愛各種戶外運動：自由潛水、水肺潛水、開放式海域長泳、鐵人三項等⋯ 也時常參與各種賽事，自由潛水是一項身心靈協調的運動，當你學會了如何在水裡放鬆，定能感受到海裡世界的美好與神奇。看見另一個世界的奇妙生物，聽見自己的聲音，感受水深不同的溫度，快來跟我一起優美又自由的潛水吧～', '1', 'penguin.jpg', '2023-10-04', NULL, 1),
(8, '尤廷慈', '1', '1990-01-01', 'alvin8999@icloud.com', '0918572956', '嘉義縣', '5', '非常喜愛各種戶外運動：自由潛水、水肺潛水、開放式海域長泳、鐵人三項等⋯ 也時常參與各種賽事，自由潛水是一項身心靈協調的運動，當你學會了如何在水裡放鬆，定能感受到海裡世界的美好與神奇。看見另一個世界的奇妙生物，聽見自己的聲音，感受水深不同的溫度，快來跟我一起優美又自由的潛水吧～', '1', 'penguin.jpg', '2023-10-05', '2023-12-11 00:31:59', 1),
(9, '簡凡強', '男', '1977-11-05', 'roger5288@hotmail.com', '0953543973', '新北市', '8', '非常喜愛各種戶外運動：自由潛水、水肺潛水、開放式海域長泳、鐵人三項等⋯ 也時常參與各種賽事，自由潛水是一項身心靈協調的運動，當你學會了如何在水裡放鬆，定能感受到海裡世界的美好與神奇。看見另一個世界的奇妙生物，聽見自己的聲音，感受水深不同的溫度，快來跟我一起優美又自由的潛水吧～', '1', 'penguin.jpg', '2023-10-06', NULL, 1),
(10, '彭苑韻', '2', '1990-01-01', 'blake8648@outlook.com', '0972817773', '桃園市', '1', '非常喜愛各種戶外運動：自由潛水、水肺潛水、開放式海域長泳、鐵人三項等⋯ 也時常參與各種賽事，自由潛水是一項身心靈協調的運動，當你學會了如何在水裡放鬆，定能感受到海裡世界的美好與神奇。看見另一個世界的奇妙生物，聽見自己的聲音，感受水深不同的溫度，快來跟我一起優美又自由的潛水吧～', '1', 'penguin.jpg', '2023-10-07', '2023-12-11 00:16:24', 1),
(11, '白莉詩', '女', '1990-09-08', 'stepanek8720@hotmail.com', '0920758192', '桃園市', '1', '非常喜愛各種戶外運動：自由潛水、水肺潛水、開放式海域長泳、鐵人三項等⋯ 也時常參與各種賽事，自由潛水是一項身心靈協調的運動，當你學會了如何在水裡放鬆，定能感受到海裡世界的美好與神奇。看見另一個世界的奇妙生物，聽見自己的聲音，感受水深不同的溫度，快來跟我一起優美又自由的潛水吧～', '1', 'penguin.jpg', '2023-10-08', NULL, 1),
(12, '吳晤良', '男', '1983-09-05', 'paisley6292@gmail.com', '0923105835', '桃園市', '1', '非常喜愛各種戶外運動：自由潛水、水肺潛水、開放式海域長泳、鐵人三項等⋯ 也時常參與各種賽事，自由潛水是一項身心靈協調的運動，當你學會了如何在水裡放鬆，定能感受到海裡世界的美好與神奇。看見另一個世界的奇妙生物，聽見自己的聲音，感受水深不同的溫度，快來跟我一起優美又自由的潛水吧～', '1', 'penguin.jpg', '2023-10-09', NULL, 1),
(13, '王祐順', '男', '1986-08-07', 'mike3051@hotmail.com', '0936213655', '彰化縣', '5', '非常喜愛各種戶外運動：自由潛水、水肺潛水、開放式海域長泳、鐵人三項等⋯ 也時常參與各種賽事，自由潛水是一項身心靈協調的運動，當你學會了如何在水裡放鬆，定能感受到海裡世界的美好與神奇。看見另一個世界的奇妙生物，聽見自己的聲音，感受水深不同的溫度，快來跟我一起優美又自由的潛水吧～', '1', 'penguin.jpg', '2023-10-10', NULL, 1),
(14, '湯衞韻', '男', '2006-06-20', 'mcadams4361@outlook.com', '0915833520', '新北市', '1', '非常喜愛各種戶外運動：自由潛水、水肺潛水、開放式海域長泳、鐵人三項等⋯ 也時常參與各種賽事，自由潛水是一項身心靈協調的運動，當你學會了如何在水裡放鬆，定能感受到海裡世界的美好與神奇。看見另一個世界的奇妙生物，聽見自己的聲音，感受水深不同的溫度，快來跟我一起優美又自由的潛水吧～', '1', 'penguin.jpg', '2023-10-11', NULL, 1),
(15, '楊朋鋭', '男', '1983-08-19', 'johnny402@gmail.com', '0926998099', '新北市', '3', '非常喜愛各種戶外運動：自由潛水、水肺潛水、開放式海域長泳、鐵人三項等⋯ 也時常參與各種賽事，自由潛水是一項身心靈協調的運動，當你學會了如何在水裡放鬆，定能感受到海裡世界的美好與神奇。看見另一個世界的奇妙生物，聽見自己的聲音，感受水深不同的溫度，快來跟我一起優美又自由的潛水吧～', '1', 'penguin.jpg', '2023-10-12', NULL, 1),
(16, '巫千祐', '男', '1990-02-14', 'omid1849@gmail.com', '0925954081', '臺南市', '8', '非常喜愛各種戶外運動：自由潛水、水肺潛水、開放式海域長泳、鐵人三項等⋯ 也時常參與各種賽事，自由潛水是一項身心靈協調的運動，當你學會了如何在水裡放鬆，定能感受到海裡世界的美好與神奇。看見另一個世界的奇妙生物，聽見自己的聲音，感受水深不同的溫度，快來跟我一起優美又自由的潛水吧～', '1', 'penguin.jpg', '2023-10-13', NULL, 1),
(17, '許恆苑', '男', '2006-06-12', 'frank4602@gmail.com', '0953862690', '臺東縣', '2', '非常喜愛各種戶外運動：自由潛水、水肺潛水、開放式海域長泳、鐵人三項等⋯ 也時常參與各種賽事，自由潛水是一項身心靈協調的運動，當你學會了如何在水裡放鬆，定能感受到海裡世界的美好與神奇。看見另一個世界的奇妙生物，聽見自己的聲音，感受水深不同的溫度，快來跟我一起優美又自由的潛水吧～', '1', 'penguin.jpg', '2023-10-14', NULL, 1),
(18, '吳晨興', '男', '1978-07-24', 'james8576@gmail.com', '0928860471', '高雄市', '1', '非常喜愛各種戶外運動：自由潛水、水肺潛水、開放式海域長泳、鐵人三項等⋯ 也時常參與各種賽事，自由潛水是一項身心靈協調的運動，當你學會了如何在水裡放鬆，定能感受到海裡世界的美好與神奇。看見另一個世界的奇妙生物，聽見自己的聲音，感受水深不同的溫度，快來跟我一起優美又自由的潛水吧～', '1', 'penguin.jpg', '2023-10-15', NULL, 1),
(19, '黃哲翰', '男', '1988-01-26', 'allison1051@outlook.com', '0935412879', '宜蘭縣', '4', '非常喜愛各種戶外運動：自由潛水、水肺潛水、開放式海域長泳、鐵人三項等⋯ 也時常參與各種賽事，自由潛水是一項身心靈協調的運動，當你學會了如何在水裡放鬆，定能感受到海裡世界的美好與神奇。看見另一個世界的奇妙生物，聽見自己的聲音，感受水深不同的溫度，快來跟我一起優美又自由的潛水吧～', '1', 'penguin.jpg', '2023-10-16', NULL, 1),
(20, '程語霄', '男', '2010-07-07', 'whittaker8849@gmail.com', '0963269678', '臺中市', '1', '非常喜愛各種戶外運動：自由潛水、水肺潛水、開放式海域長泳、鐵人三項等⋯ 也時常參與各種賽事，自由潛水是一項身心靈協調的運動，當你學會了如何在水裡放鬆，定能感受到海裡世界的美好與神奇。看見另一個世界的奇妙生物，聽見自己的聲音，感受水深不同的溫度，快來跟我一起優美又自由的潛水吧～', '1', 'penguin.jpg', '2023-10-17', NULL, 1),
(21, '莊展廷', '男', '1962-11-02', 'roberts531@hotmail.com', '0934957169', '高雄市', '5', '非常喜愛各種戶外運動：自由潛水、水肺潛水、開放式海域長泳、鐵人三項等⋯ 也時常參與各種賽事，自由潛水是一項身心靈協調的運動，當你學會了如何在水裡放鬆，定能感受到海裡世界的美好與神奇。看見另一個世界的奇妙生物，聽見自己的聲音，感受水深不同的溫度，快來跟我一起優美又自由的潛水吧～', '1', 'penguin.jpg', '2023-10-18', NULL, 1),
(22, '張玉邦', '男', '2017-11-09', 'sheldon443@gmail.com', '0923015655', '嘉義縣', '2', '非常喜愛各種戶外運動：自由潛水、水肺潛水、開放式海域長泳、鐵人三項等⋯ 也時常參與各種賽事，自由潛水是一項身心靈協調的運動，當你學會了如何在水裡放鬆，定能感受到海裡世界的美好與神奇。看見另一個世界的奇妙生物，聽見自己的聲音，感受水深不同的溫度，快來跟我一起優美又自由的潛水吧～', '1', 'penguin.jpg', '2023-10-19', NULL, 1),
(23, '謝琦運', '男', '2003-06-14', 'morris3320@outlook.com', '0924580993', '高雄市', '1', '非常喜愛各種戶外運動：自由潛水、水肺潛水、開放式海域長泳、鐵人三項等⋯ 也時常參與各種賽事，自由潛水是一項身心靈協調的運動，當你學會了如何在水裡放鬆，定能感受到海裡世界的美好與神奇。看見另一個世界的奇妙生物，聽見自己的聲音，感受水深不同的溫度，快來跟我一起優美又自由的潛水吧～', '1', 'penguin.jpg', '2023-10-20', NULL, 1),
(24, '洪希露', '女', '1978-05-07', 'deborah2695@gmail.com', '0961428296', '苗栗縣', '1', '非常喜愛各種戶外運動：自由潛水、水肺潛水、開放式海域長泳、鐵人三項等⋯ 也時常參與各種賽事，自由潛水是一項身心靈協調的運動，當你學會了如何在水裡放鬆，定能感受到海裡世界的美好與神奇。看見另一個世界的奇妙生物，聽見自己的聲音，感受水深不同的溫度，快來跟我一起優美又自由的潛水吧～', '1', 'penguin.jpg', '2023-10-21', NULL, 1),
(25, '曹寶達', '男', '2019-05-23', 'vera6938@gmail.com', '0970703984', '桃園市', '6', '非常喜愛各種戶外運動：自由潛水、水肺潛水、開放式海域長泳、鐵人三項等⋯ 也時常參與各種賽事，自由潛水是一項身心靈協調的運動，當你學會了如何在水裡放鬆，定能感受到海裡世界的美好與神奇。看見另一個世界的奇妙生物，聽見自己的聲音，感受水深不同的溫度，快來跟我一起優美又自由的潛水吧～', '1', 'penguin.jpg', '2023-10-22', NULL, 1),
(26, '姜修孝', '男', '2011-12-29', 'lewis6468@gmail.com', '0935213973', '高雄市', '1', '非常喜愛各種戶外運動：自由潛水、水肺潛水、開放式海域長泳、鐵人三項等⋯ 也時常參與各種賽事，自由潛水是一項身心靈協調的運動，當你學會了如何在水裡放鬆，定能感受到海裡世界的美好與神奇。看見另一個世界的奇妙生物，聽見自己的聲音，感受水深不同的溫度，快來跟我一起優美又自由的潛水吧～', '1', 'penguin.jpg', '2023-10-23', NULL, 1),
(27, '白梓驥', '男', '2003-11-04', 'kirk7381@hotmail.com', '0988325251', '桃園市', '1', '非常喜愛各種戶外運動：自由潛水、水肺潛水、開放式海域長泳、鐵人三項等⋯ 也時常參與各種賽事，自由潛水是一項身心靈協調的運動，當你學會了如何在水裡放鬆，定能感受到海裡世界的美好與神奇。看見另一個世界的奇妙生物，聽見自己的聲音，感受水深不同的溫度，快來跟我一起優美又自由的潛水吧～', '1', 'penguin.jpg', '2023-10-24', NULL, 1),
(28, '王浩鬆', '男', '1980-01-10', 'frank2837@hotmail.com', '0917600400', '臺南市', '3', '非常喜愛各種戶外運動：自由潛水、水肺潛水、開放式海域長泳、鐵人三項等⋯ 也時常參與各種賽事，自由潛水是一項身心靈協調的運動，當你學會了如何在水裡放鬆，定能感受到海裡世界的美好與神奇。看見另一個世界的奇妙生物，聽見自己的聲音，感受水深不同的溫度，快來跟我一起優美又自由的潛水吧～', '1', 'penguin.jpg', '2023-10-25', NULL, 1),
(29, '白恩蓁', '男', '1986-05-25', 'kiley2766@gmail.com', '0955549872', '臺北市', '1', '非常喜愛各種戶外運動：自由潛水、水肺潛水、開放式海域長泳、鐵人三項等⋯ 也時常參與各種賽事，自由潛水是一項身心靈協調的運動，當你學會了如何在水裡放鬆，定能感受到海裡世界的美好與神奇。看見另一個世界的奇妙生物，聽見自己的聲音，感受水深不同的溫度，快來跟我一起優美又自由的潛水吧～', '1', 'penguin.jpg', '2023-10-26', NULL, 1),
(30, '賴于歆', '女', '1992-12-13', 'clements1843@icloud.com', '0986260149', '金門縣', '2', '非常喜愛各種戶外運動：自由潛水、水肺潛水、開放式海域長泳、鐵人三項等⋯ 也時常參與各種賽事，自由潛水是一項身心靈協調的運動，當你學會了如何在水裡放鬆，定能感受到海裡世界的美好與神奇。看見另一個世界的奇妙生物，聽見自己的聲音，感受水深不同的溫度，快來跟我一起優美又自由的潛水吧～', '1', 'penguin.jpg', '2023-10-27', NULL, 1),
(31, '姓名', '2', '1990-01-17', 'this@email', '1', '地區', '3', '1209', '專長', '1003.PNG', '2023-12-09', NULL, 1),
(32, '姓名', '2', '2001-10-01', 'this@email', '1', '地區', '6', '55555', '專長', '酥餅.jpg', '2023-12-10', NULL, 1),
(33, '姓名', '2', '1990-01-17', 'this@email', '1', '地區', '2', '1210', '專長', '認真講幹話.jpg', '2023-12-10', NULL, 1),
(34, '1211', '2', '1990-01-01', 'this@email', '1211', '1211', '3', '1211', '1211', 'animal-photography-animals-bears-65289.jpg', '2023-12-11', '2023-12-11 01:12:06', 1);

-- --------------------------------------------------------

--
-- 資料表結構 `coach_license`
--

CREATE TABLE `coach_license` (
  `id` int(6) NOT NULL,
  `coach_id` int(4) DEFAULT NULL,
  `license_id` int(6) DEFAULT NULL
) ENGINE=InnoDB DEFAULT CHARSET=utf8mb4 COLLATE=utf8mb4_unicode_ci;

--
-- 傾印資料表的資料 `coach_license`
--

INSERT INTO `coach_license` (`id`, `coach_id`, `license_id`) VALUES
(4, 1, 1),
(5, 1, 4),
(6, 10, 2),
(8, 8, 2),
(9, 8, 3),
(13, 34, 4);

-- --------------------------------------------------------

--
-- 資料表結構 `coupon`
--

CREATE TABLE `coupon` (
  `id` int(3) NOT NULL,
  `name` varchar(30) CHARACTER SET utf8mb4 COLLATE utf8mb4_unicode_ci NOT NULL,
  `code` varchar(10) CHARACTER SET utf8mb4 COLLATE utf8mb4_unicode_ci NOT NULL,
  `max_count` int(5) NOT NULL,
  `used_count` int(5) NOT NULL,
  `discount_pa` float DEFAULT NULL,
  `discount_cash` int(4) DEFAULT NULL,
  `start` date NOT NULL,
  `end` date NOT NULL,
  `valid` int(1) NOT NULL
) ENGINE=InnoDB DEFAULT CHARSET=latin1 COLLATE=latin1_swedish_ci;

--
-- 傾印資料表的資料 `coupon`
--

INSERT INTO `coupon` (`id`, `name`, `code`, `max_count`, `used_count`, `discount_pa`, `discount_cash`, `start`, `end`, `valid`) VALUES
(1, '聖誕節2', '565622', 200, 0, NULL, 300, '2023-12-04', '2023-12-13', 1),
(2, 'test2', 'test2', 111, 0, 111, NULL, '2023-12-04', '2023-12-28', 1),
(3, 'test3', 'test3', 333, 0, NULL, 333, '2023-12-21', '2023-12-28', 1),
(4, 'test4', 'test4', 444, 0, NULL, 444, '2023-12-21', '2023-12-25', 0),
(7, 'test5', 'test5', 1, 0, NULL, 1, '2023-12-04', '2023-12-30', 1),
(8, 'test6', 'test6', 1, 0, 1, NULL, '2023-12-05', '2023-12-15', 1),
(9, 'rrr', 'rrr', 1, 0, 1, NULL, '2023-12-08', '2023-12-27', 1),
(10, 'etest1', 'etest1', 100, 0, NULL, 200, '2023-11-05', '2023-12-04', 1),
(11, 'etest2', 'etest2', 200, 0, 80, NULL, '2023-10-04', '2023-12-14', 1),
(12, 'etest3', 'etest3', 500, 5, NULL, 300, '2023-12-25', '2023-12-30', 1),
(36, 'ooo', 'ooo', 500, 0, NULL, 100, '2023-12-18', '2023-12-29', 1),
(37, 'ppp', 'ppp', 100, 5, 80, NULL, '2023-12-20', '2023-12-31', 1),
(38, 'nnn', 'nnn', 123, 0, NULL, 233, '2023-12-14', '2023-12-22', 1),
(39, '1', '2', 3, 0, NULL, 4, '2023-12-07', '2023-12-14', 1),
(40, '', '666', 3, 0, NULL, 4, '2023-12-07', '2023-12-21', 0),
(41, 'ttn', 'rrr2', 200, 0, NULL, 200, '2023-12-01', '2023-12-02', 1),
(42, 'yyy', 'yyy', 666, 0, NULL, 666, '2023-12-08', '2023-12-15', 0),
(43, 'qqq', 'qqq', 666, 0, NULL, 666, '2023-12-08', '2023-12-15', 0);

-- --------------------------------------------------------

--
-- 資料表結構 `lesson`
--

CREATE TABLE `lesson` (
  `id` int(6) UNSIGNED NOT NULL,
  `name` varchar(100) NOT NULL,
  `sort` int(3) UNSIGNED DEFAULT NULL,
  `price` int(6) UNSIGNED DEFAULT NULL,
  `info` text DEFAULT NULL,
  `content` text DEFAULT NULL,
  `pre_person` int(4) UNSIGNED DEFAULT NULL,
  `max_person` int(4) UNSIGNED DEFAULT NULL,
  `coach_id` int(3) UNSIGNED DEFAULT NULL,
  `location` int(3) UNSIGNED DEFAULT NULL,
  `image` varchar(50) DEFAULT NULL,
  `update_at` datetime DEFAULT NULL,
  `created_at` datetime DEFAULT NULL,
  `valid` int(3) UNSIGNED DEFAULT NULL
) ENGINE=InnoDB DEFAULT CHARSET=utf8mb4 COLLATE=utf8mb4_unicode_ci;

-- --------------------------------------------------------

--
-- 資料表結構 `license`
--

CREATE TABLE `license` (
  `id` int(11) NOT NULL,
  `name` varchar(20) NOT NULL
) ENGINE=InnoDB DEFAULT CHARSET=utf8mb4 COLLATE=utf8mb4_unicode_ci;

--
-- 傾印資料表的資料 `license`
--

INSERT INTO `license` (`id`, `name`) VALUES
(1, 'PADI'),
(2, 'NAUI'),
(3, 'SSI'),
(4, 'CMAS');

-- --------------------------------------------------------

--
-- 資料表結構 `member`
--

CREATE TABLE `member` (
  `id` int(3) NOT NULL,
  `name` varchar(50) DEFAULT NULL,
  `gender` varchar(30) DEFAULT NULL,
  `birth` date DEFAULT NULL,
  `email` varchar(50) NOT NULL,
  `password` varchar(50) DEFAULT NULL,
  `phone` varchar(50) DEFAULT NULL,
  `city` varchar(30) DEFAULT NULL,
  `address` varchar(70) DEFAULT NULL,
  `created_at` datetime NOT NULL,
  `valid` tinyint(4) NOT NULL
) ENGINE=InnoDB DEFAULT CHARSET=utf8mb4 COLLATE=utf8mb4_unicode_ci;

--
-- 傾印資料表的資料 `member`
--

INSERT INTO `member` (`id`, `name`, `gender`, `birth`, `email`, `password`, `phone`, `city`, `address`, `created_at`, `valid`) VALUES
(1, '林佳蓉', '女', '1998-07-11', 'linjia00@gmail.com', 'linjia123', '0912345678', '台北市', '大安區信義路三段 100 號', '2022-05-15 00:00:00', 0),
(2, '陳志明', '男', '1995-03-25', 'chenzhi@yahoo.com.tw', 'chenzhi456', '0923456789', '新竹市', '東區光復路二段 50 巷 10 ', '2022-05-15 00:00:00', 1),
(3, '王美玲', '女', '1997-10-05', 'wangmei@hotmail.com', 'wangmei789', '0934567890', '台中市', '西屯區河南路四段 20 巷 5 號', '2022-05-15 00:00:00', 1),
(4, '李宗翰', '男', '1996-01-15', 'lizong@gmail.com', 'lizong123', '0945678901', '高雄市', '鳳山區中山路 100 巷 15 號', '2022-05-15 00:00:00', 1),
(5, '張雅婷', '女', '1999-04-30', 'changya@yahoo.com.tw', 'changya456', '0956789012', '台南市', '東區中華路一段 10 號', '2022-05-15 00:00:00', 1),
(6, '黃俊傑', '男', '1994-06-20', 'huangjun@hotmail.com', 'huangjun789', '0967890123', '桃園市', '中壢區中央路 50 號', '2022-06-02 00:00:00', 1),
(7, '蔡佳穎', '女', '1998-08-10', 'caijia@gmail.com', 'caijia123', '0978901234', '新北市', '板橋區中山路一段 100 巷', '2022-06-02 00:00:00', 1),
(8, '劉建宏', '男', '1995-02-28', 'liujian@yahoo.com.tw', 'liujian456', '0989012345', '嘉義市', '東區民權路 20 號', '2022-06-02 00:00:00', 1),
(9, '吳佩珊', '女', '1997-09-15', 'wupei22@hotmail.com', 'wupei789', '0990123456', '花蓮縣', '花蓮市中山路 50 號', '2022-06-03 00:00:00', 1),
(10, '鄭宇辰', '男', '1996-12-31', 'zhengyu@gmail.com', 'zhengyu123', '0910123456', '台東縣', '台東市中華路一段 10 號', '2022-06-04 00:00:00', 1),
(11, '謝怡君', '女', '1999-05-01', 'xieyi@yahoo.com.tw', 'xieyi456', '0911234567', '屏東縣', '屏東市民生路 100 號', '2022-07-05 00:00:00', 1),
(12, '曾志豪', '男', '1994-07-30', 'zengzhi@hotmail.com', 'zengzhi789', '0912345678', '基隆市', '中正區信一路 50 號', '2022-07-06 00:00:00', 1),
(13, '潘雅惠', '女', '1998-10-20', 'panya@gmail.com', 'panya123', '0913456789', '宜蘭縣', '宜蘭市中山路二段 20 號', '2022-07-07 00:00:00', 1),
(14, '葉俊宏', '男', '1995-01-10', 'yejun@yahoo.com.tw', 'yejun456', '0914567890', '苗栗縣', '苗栗市中正路 10 號', '2022-08-11 00:00:00', 1),
(15, '陳怡婷', '女', '1997-11-11', 'chenyi@hotmail.com', 'chenyi789', '0915678901', '彰化縣', '彰化市中山路一段 50 號', '2022-08-12 00:00:00', 1),
(16, '林宗翰', '男', '1996-02-29', 'linzong@gmail.com', 'linzong123', '0916789012', '南投縣', '南投市南投路 10 號', '2022-08-13 00:00:00', 1),
(17, '魏宜庭', '女', '1999-06-06', 'weiyi@gmail.com', 'weiyi123', '0917890123', '新竹縣', '竹北市中正東路 100 號', '2022-08-13 00:00:00', 1),
(18, '蘇俊傑', '男', '1994-08-08', 'sujun@yahoo.com.tw', 'sujun456', '0918901234', '台南市', '北區中正路 50 號', '2022-08-14 00:00:00', 1),
(19, '許雅婷', '女', '1997-12-12', 'xuya@hotmail.com', 'xuya789', '0919012345', '高雄市', '左營區文學路 10 號', '2022-08-15 00:00:00', 1),
(20, '張雅琪', '女', '1964-08-22', 'john.doe@email.com', 'user123', '0912345678', '台北市', '中正區仁愛路信義弄12號', '2022-08-16 00:00:00', 1),
(21, '陳冠宇', '女', '1965-12-09', 'jane.smith@email.com', 'admin456', '923456789', '新北市', '板橋區文化路府中弄56號', '2022-08-17 00:00:00', 1),
(22, '林佳蓉', '女', '1997-12-12', 'mike.jones@email.com', 'customer789', '934567890', '台中市', '西屯區逢甲路78號', '2022-08-17 00:00:00', 1),
(23, '王瑞杰', '女', '1994-07-30', 'amy.wang@email.com', 'guest10', '0912345678', '高雄市', '三民區建國路34號', '2022-08-17 00:00:00', 1),
(24, '李心怡', '男', '1998-10-20', 'david.li@email.com', 'member2', '0923456789', '台北市', '大安區忠孝東路90號', '2022-08-17 00:00:00', 1),
(25, '吳宗翰', '男', '1995-01-10', 'susan.chen@email.com', 'vip33', '0934567890', '新北市', '三峽區大同路45號', '2022-08-17 00:00:00', 1),
(26, '黃婷婷', '男', '1967-09-19', 'peter.chang@email.com', 'staf44', '0945678901', '台中市', '南區興大路3號', '2022-08-17 00:00:00', 1),
(27, '許志明', '男', '1982-06-09', 'linda.kuo@email.com', 'clien55', '0956789012', '高雄市', '鳳山區五福路67號', '2022-09-07 00:00:00', 1),
(28, '鄭佳玲', '女', '1974-05-29', 'alex.hu@email.com', 'use66', '0967890123', '台北市', '信義區松高路89號', '2022-09-08 00:00:00', 1),
(29, '蔡偉哲', '男', '1967-08-19', 'emily.lin@email.com', 'tes77', '978901234', '新北市', '永和區竹林路32號', '2022-09-09 00:00:00', 1),
(30, '陳彥霖', '男', '1967-08-03', 'kevin.wu@email.com', 'dem88', '0989012345', '桃園市', '中壢區中山路', '2022-09-09 00:00:00', 1),
(31, '林惠玲', '女', '1995-08-27', 'grace.yu@email.com', 'gues9', '0990123456', '台南市', '北區公園路3號', '2022-09-09 00:00:00', 1),
(32, '吳家豪', '男', '1980-09-29', 'sam.wang@email.com', 'newuser123', '0911234567', '彰化縣', '北斗鎮北斗路76號', '2022-09-10 00:00:00', 1),
(33, '李美玲', '男', '1984-03-21', 'lily.huang@email.com', 'olduser456', '0912345678', '苗栗縣', '苗栗市中正路建國弄54號', '2022-09-19 00:00:00', 1),
(34, '黃國豪', '女', '1981-02-03', 'eric.yang@email.com', 'joho789u', '0923456789', '宜蘭縣', '宜蘭市林森路87號', '2022-09-20 00:00:00', 1),
(35, '許靜怡', '女', '2000-04-15', 'tina.cheng@email.com', 'jansmi10', '0934567890', '南投縣', '南投市南投路65號', '2022-09-21 00:00:00', 1),
(36, '蔡俊宏', '女', '1982-05-08', 'brian.lee@email.com', 'mikeone22', '0945678901', '雲林縣', '斗六市光華路永昌弄98號', '2022-09-22 00:00:00', 1),
(37, '楊雅琪', '女', '1999-02-10', 'cathy.wong@email.com', 'amang33', '0956789012', '', '太保市太保路32號', '2023-03-03 00:00:00', 1),
(38, '王志明', '男', '1980-09-29', 'tony.chu@email.com', 'davidi44', '0967890123', '屏東縣', '屏東市自由路6號', '2023-03-03 00:00:00', 1),
(39, '趙佩玲', '男', '1999-11-10', 'judy.wu@email.com', 'suschen55', '0978901234', '基隆市', '中山區中山路54號', '2023-03-03 00:00:00', 1),
(40, '梁宗翰', '男', '1999-11-11', 'jo123@email.com', 'peterh66', '0989012345', '新竹市', '東區東大路大學弄', '2023-05-04 00:00:00', 1),
(41, '蘇怡如', '女', '1999-11-12', 'jasmith45ne@email.com', 'linku77', '0990123456', '嘉義市', '西區西門路8號', '2023-05-05 00:00:00', 1),
(42, '鄭哲明', '女', '1982-05-08', 'mike89@email.com', 'alehu88', '0911122334', '台東縣', '台東市正氣路43號', '2023-05-06 00:00:00', 1),
(43, '謝佳蓉', '女', '1979-04-25', 'amy_10@email.com', 'emilin99', '0922233445', '花蓮縣', '花蓮市國富路', '2023-05-07 00:00:00', 1),
(44, '邱政宏', '男', '1997-02-28', 'dav_2233@email.com', 'kevw23', '0933344556', '澎湖縣', '馬公市文化路中正弄21號', '2023-07-19 00:00:00', 1),
(45, '洪美玲', '男', '1998-07-05', 'su.33san@email.com', 'gracy456', '0944455667', '金門縣', '金城鎮金門路32號', '2023-07-19 00:00:00', 1),
(46, '周宗翰', '女', '1998-07-06', 'peter_44@email.com', 'sam_w', '0955566778', '連江縣', '南竿鄉南竿路民族弄54號', '2023-07-19 00:00:00', 1),
(47, '林怡如', '男', '1992-05-23', 'lindauo@email.com', 'user123', '0966677889', '澎湖縣', '湖西鄉湖西路', '2023-09-17 00:00:00', 1),
(48, '陳建宏', '女', '1982-05-07', 'alehu_66@email.com', 'admin456', '0977788990', '嘉義縣', '水上鄉水源路32號', '2023-09-17 00:00:00', 1),
(49, '劉雅琪', '男', '1982-03-07', 'emlin_77@email.com', 'customer789', '0988899001', '新北市', '石門區石門路98號', '2023-09-18 00:00:00', 1),
(50, '許志宏', '女', '1985-07-26', 'k.wu_88@email.com', 'guest10', '0999900112', '台北市', '中山區中山北路9號', '2023-09-19 00:00:00', 1),
(51, '郭美玲', '男', '2001-08-20', 'gr_99ccc@email.com', 'member22', '0911001122', '新北市', '新莊區中正路20號', '2023-09-20 00:00:00', 0),
(52, '鄭宗翰', '女', '1983-10-15', 'sam_123@email.com', 'vip33', '0922112233', '台中市', '北區五權路18號', '2023-09-21 00:00:00', 1),
(53, '蔡佳蓉', '女', '1992-04-03', 'lily456@email.com', 'staff44', '0987654321', '高雄市', '前鎮區六合路38號', '2023-09-22 00:00:00', 1),
(54, '黃政宏', '女', '1979-04-25', 'e_789ricg@email.com', 'client55', '0912345678', '台北市', '松山區八德路1號', '2023-09-23 00:00:00', 1),
(55, '洪佳蓉', '女', '1979-04-26', 'tindcheng_10@email.com', 'user66', '0923456789', '新北市', '板橋區民生路8號', '2023-09-24 00:00:00', 1),
(56, '張宗翰', '女', '1979-05-23', 'brian_d2234@email.com', 'test77', '0934567890', '台中市', '南區建國北路92號', '2023-09-25 00:00:00', 1),
(57, '許家豪', '男', '1972-05-24', 'wong_3d3@email.com', 'demo88', '0945678901', '高雄市', '左營區博愛路98號', '2023-09-26 00:00:00', 1),
(58, '林政宏', '男', '1979-03-12', 'tochu_44ddd@email.com', 'guest99', '0956789012', '台北市', '大安區忠孝東路20號', '2023-09-27 00:00:00', 1),
(59, '鄭怡如', '男', '1979-05-26', 'judwu_55@email.com', 'newuser123', '0967890123', '新北市', '三峽區光明路38號', '2023-09-28 00:00:00', 1),
(62, NULL, NULL, NULL, 'aaa@gmail.com', 'aaa', NULL, NULL, NULL, '2023-12-13 03:05:03', 1),
(63, NULL, NULL, NULL, 'qq@gmail.com', 'aaa', NULL, NULL, NULL, '2023-12-13 03:54:32', 1),
(64, NULL, NULL, NULL, 'laughter6751@gmail.com', 'aaa', NULL, NULL, NULL, '2023-12-13 06:52:13', 1);

-- --------------------------------------------------------

--
-- 資料表結構 `notice`
--

CREATE TABLE `notice` (
  `id` int(10) NOT NULL,
  `Title` varchar(50) NOT NULL,
  `Sort` varchar(15) DEFAULT NULL,
  `Content` varchar(255) NOT NULL,
  `Link` varchar(255) DEFAULT NULL,
  `Main_img` varchar(255) DEFAULT NULL,
  `Sub_img` varchar(255) DEFAULT NULL,
  `Exp_date` date NOT NULL,
  `Create_at` date NOT NULL,
  `valid` int(2) NOT NULL
) ENGINE=InnoDB DEFAULT CHARSET=utf8mb4 COLLATE=utf8mb4_unicode_ci;

--
-- 傾印資料表的資料 `notice`
--

INSERT INTO `notice` (`id`, `Title`, `Sort`, `Content`, `Link`, `Main_img`, `Sub_img`, `Exp_date`, `Create_at`, `valid`) VALUES
(1, '林偉', '體驗', '                                                                                                                               aaaa                        ', NULL, '林偉傑', '林偉', '2023-12-11', '2023-12-10', 0),
(2, '第17屆 台潛海清日', '淨灘', '實踐愛海洋、愛地球永續發展的行動  生於海島，住在海島。除了潛水，我們希望借由海清日，將「海洋、環保、永續」的概念進一步推廣出去。  台灣潛水從2006年開始每年在後壁湖舉辦大型淨灘淨海。除了潛水，海清日也是每個台潛人回娘家的大型聚會。  ​ 2023台潛海清日 報名人數上限30人 名額有限，要報要快 !                        ', NULL, 'e', 'a', '2023-12-11', '2023-12-10', 0),
(3, '潛潛睡 2.0', '體驗', '\n台灣潛水【潛潛睡2.0】- 潛水送住宿，讓你好潛又好睡\n\n方案A 平日體驗潛水+一晚背包房住宿=2500\n\n來體驗潛水就送一晚住宿！探索海洋與台潛渡假村的新世界。\n\n>> 體驗潛水請點我\n\n \n\n方案B 平日Fun Dive 三支+一晚背包房住宿=2250 (不含裝備)\n\n旅遊潛水套餐\n\n　a.兩支船潛(須加價船資費用$1000)+一支岸潛\n\n　b.三支岸潛\n\n>> 旅遊潛水請點我\n\n \n\n方案C 課程+住宿優惠\n\n     a. 平日方案　\n\n　 ', NULL, '', '', '2024-01-06', '2023-12-10', 0),
(4, '海洋守護', '體驗', '與海相擁，成為療癒彼此的溫柔能量」被海擁抱，你明白她懂你的不安；擁抱大海，願意伸手的你有著由內而生的勇敢；與海相擁，成為療癒彼此的溫柔能量歷經2020的珊瑚白化2021的疫情，各種大大小小的衝擊與變化大海與人們持續在創傷後不斷地結痂、癒合、蛻變在癒合的旅程中，我們也成為彼此療癒的力量一點一滴地                                                        ', NULL, '', '', '2024-02-03', '2023-12-10', 0),
(5, '海洋守護者', '體驗', '與海相擁，成為療癒彼此的溫柔能量」\r\n\r\n被海擁抱，你明白她懂你的不安；擁抱大海，願意伸手的你有著由內而生的勇敢；\r\n\r\n與海相擁，成為療癒彼此的溫柔能量\r\n\r\n \r\n\r\n歷經2020的珊瑚白化、2021的疫情，各種大大小小的衝擊與變化\r\n\r\n大海與人們持續在創傷後不斷地結痂、癒合、蛻變\r\n\r\n在癒合的旅程中，我們也成為彼此療癒的力量\r\n\r\n一點一滴地，在逆境中共同成長。\r\n\r\n​\r\n\r\n海洋在白化後復甦；花朵化春泥後重生；飛鳥於逆風中翱翔\r\n\r\n \r\n\r\n2022 癒，正在癒合的海，正在癒合的你我，正在', NULL, '', '', '2024-02-03', '2023-12-10', 1),
(6, '海洋守護者', '體驗', '與海相擁，成為療癒彼此的溫柔能量」\r\n\r\n被海擁抱，你明白她懂你的不安；擁抱大海，願意伸手的你有著由內而生的勇敢；\r\n\r\n與海相擁，成為療癒彼此的溫柔能量\r\n\r\n \r\n\r\n歷經2020的珊瑚白化、2021的疫情，各種大大小小的衝擊與變化\r\n\r\n大海與人們持續在創傷後不斷地結痂、癒合、蛻變\r\n\r\n在癒合的旅程中，我們也成為彼此療癒的力量\r\n\r\n一點一滴地，在逆境中共同成長。\r\n\r\n​\r\n\r\n海洋在白化後復甦；花朵化春泥後重生；飛鳥於逆風中翱翔\r\n\r\n \r\n\r\n2022 癒，正在癒合的海，正在癒合的你我，正在', NULL, '', '', '2024-02-03', '2023-12-10', 0),
(7, '海洋守護者', '體驗', '與海相擁，成為療癒彼此的溫柔能量」\r\n\r\n被海擁抱，你明白她懂你的不安；擁抱大海，願意伸手的你有著由內而生的勇敢；\r\n\r\n與海相擁，成為療癒彼此的溫柔能量\r\n\r\n \r\n\r\n歷經2020的珊瑚白化、2021的疫情，各種大大小小的衝擊與變化\r\n\r\n大海與人們持續在創傷後不斷地結痂、癒合、蛻變\r\n\r\n在癒合的旅程中，我們也成為彼此療癒的力量\r\n\r\n一點一滴地，在逆境中共同成長。\r\n\r\n​\r\n\r\n海洋在白化後復甦；花朵化春泥後重生；飛鳥於逆風中翱翔\r\n\r\n \r\n\r\n2022 癒，正在癒合的海，正在癒合的你我，正在', NULL, '', '', '2024-02-03', '2023-12-10', 0),
(8, '海洋守護者', '體驗', '與海相擁，成為療癒彼此的溫柔能量」\r\n被海擁抱，你明白她懂你的不安；擁抱大海，願意伸手的你有著由內而生的勇敢；\r\n\r\n與海相擁，成為療癒彼此的溫柔能量\r\n\r\n \r\n\r\n歷經2020的珊瑚白化、2021的疫情，各種大大小小的衝擊與變化\r\n\r\n大海與人們持續在創傷後不斷地結痂、癒合、蛻變\r\n在癒合的旅程中，我們也成為彼此療癒的力量\r\n\r\n一點一滴地，在逆境中共同成長。\r\n\r\n​\r\n\r\n海洋在白化後復甦；花朵化春泥後重生；飛鳥於逆風中翱翔\r\n\r\n \r\n\r\n2022 癒，正在癒合的海，正在癒合的你我，正在', NULL, '', '', '2024-02-03', '2023-12-10', 1),
(9, '第17屆 台潛海清日', '淨灘', '實踐愛海洋、愛地球永續發展的行動  生於海島，住在海島。除了潛水，我們希望借由海清日，將「海洋、環保、永續」的概念進一步推廣出去。  台灣潛水從2006年開始每年在後壁湖舉辦大型淨灘淨海。除了潛水，海清日也是每個台潛人回娘家的大型聚會。  ​  2022 台潛海清日 報名人數上限30人 名額有限，要報要快 !                        ', NULL, 'e', 'a', '2023-12-11', '2023-12-10', 1),
(10, 's', 's', 'eee            ', NULL, 'e', 'a', '2023-12-11', '2023-12-10', 1),
(11, 'fff', 'ddd', 'fffda', NULL, 'dff', 'aaa', '2023-12-13', '2023-12-10', 1),
(12, 'name', 'code', 'max_count', 'used_count', 'discount_pa', 'discount_cash', '0000-00-00', '0000-00-00', 1),
(13, 'c', 'c', 'ccc', NULL, 'z', 'a', '2023-12-28', '2023-12-13', 0),
(14, '', '', '', NULL, '', '', '0000-00-00', '2023-12-13', 0),
(15, 'dd', 'ddd', 'ddddd', NULL, 'ddddd', '', '2023-12-21', '2023-12-13', 0),
(16, 'b', 'c', 'd', NULL, 'e', 'a', '2023-12-15', '2023-12-13', 0),
(17, 'b', 'c', 'd', NULL, 'e', 'a', '2023-12-22', '2023-12-13', 0),
(18, '', '', '', NULL, '', '', '0000-00-00', '2023-12-13', 0),
(19, 'fff', 'ddd', 'ff', NULL, 'fdd', 'aaa', '0000-00-00', '2023-12-13', 0),
(20, '', '', '', NULL, '', '', '0000-00-00', '2023-12-13', 0),
(21, '', '', '', NULL, '', '', '0000-00-00', '2023-12-13', 0),
(22, 'ddd', 'ddddd', 'ddd', NULL, 'ddd', 'dd', '2023-12-22', '2023-12-13', 0),
(23, 'ddd', 'fff', '', NULL, '', 'aa', '0000-00-00', '2023-12-13', 0),
(24, 'cc', 'cc', 'ccc', NULL, 'sss', 'a', '0000-00-00', '2023-12-13', 1),
(25, 'ccc', 'ccc', 'ccc', NULL, 'ccc', 'cc', '2023-12-21', '2023-12-13', 1);

-- --------------------------------------------------------

--
-- 資料表結構 `product`
--

CREATE TABLE `product` (
  `id` int(3) UNSIGNED NOT NULL,
  `img` varchar(100) NOT NULL,
  `name` varchar(50) NOT NULL,
  `price` int(5) NOT NULL,
  `count` varchar(30) NOT NULL,
  `size` varchar(30) NOT NULL,
  `info` longtext NOT NULL,
  `created_at` timestamp NOT NULL DEFAULT current_timestamp() ON UPDATE current_timestamp(),
  `valid` tinyint(4) NOT NULL
) ENGINE=InnoDB DEFAULT CHARSET=utf8mb4 COLLATE=utf8mb4_general_ci;

--
-- 傾印資料表的資料 `product`
--

INSERT INTO `product` (`id`, `img`, `name`, `price`, `count`, `size`, `info`, `created_at`, `valid`) VALUES
(1, '男-防寒衣.png', '防寒衣 FOCEA COMFORT 6 Man - 5mm', 15800, '5', 'XS、S、M、L、XL；黑', '採用高品質Elaskin Neoprene，Fireskin內裏及Water Dam System (Beuchat專利)', '2023-12-13 06:20:21', 0),
(2, '女-防寒衣.png', '防寒衣 FOCEA COMFORT 6 Woman - 5mm', 15800, '100', 'XS、S、M、L、XL；黑、灰', '採用高品質Elaskin Neoprene，Fireskin內裏及Water Dam System (Beuchat專利)防止水流入', '2023-12-07 08:02:36', 1),
(3, '充排氣閥組.png', 'AK-07S AIR 2 充排氣閥組', 6000, '55', 'F', '整合備用二級頭與BC充排氣閥\r\n重量(不含管)：201 g\r\n包含27\"AIR 2專用中壓管\r\n適用BC上座孔徑：47 mm', '2023-12-07 08:02:30', 1),
(4, '軟式呼吸管.png', 'ACTIVA TUBAIR 軟式呼吸管', 900, '80', 'F；黑', '弧形管呼吸管採用PU材料模製而成', '2023-12-06 16:21:22', 1),
(5, '蛙鞋.png', 'LIBECCIO SPORT', 5200, '70', '39、40、41、42；藍白', '蛙鞋\r\n材料：3種主要材料\r\n腳套：柔軟舒適的彈性體\r\n蹼面：高科技聚合物，可拆卸式蹼面\r\n重量：1040 g(43/44)', '2023-12-06 16:24:11', 1),
(6, '蛙鞋M.png', '蛙鞋 2510 Maratea', 3800, '65', '尺寸：38~44 cm', '蹼面採用多種複合材質，以達到穩定、高機動性及靈活的效果。蹼面的複合材質設計可使蹼面達到最大角度的彎曲', '2023-12-06 17:20:26', 1),
(7, '橫隔膜平衡式.png', '8701橫膈膜平衡式一級頭', 7000, '10', 'F；黑', '可調橫膈膜平衡式一級頭，中壓可由一級頭外部直接調整，2高壓4低壓出氣孔，支援高氧40%\r\n', '2023-12-13 15:07:47', 0),
(8, '防水包.png', 'STORM防水後背包', 3700, '30', 'F；黑', '完全防水的捲摺結構\r\n外部反光設計，提供防護功能\r\n背負系統，使能輕鬆負載', '2023-12-06 16:26:08', 1),
(9, '潛水毛氈底套鞋.png', '潛水毛氈底套鞋', 1100, '60', '尺寸：22~30 cm', '3 mm Neoprene長筒毛氈底防滑套鞋\r\n內加擋水片，便於穿脫\r\n採用YKK #10 大齒塑鋼拉鍊', '2023-12-06 16:29:12', 1),
(10, '潛水襪.png', '潛水襪', 590, '100', '尺寸：XS~XXL', '3 mm Neoprene 潛水襪\r\n高筒設計，增加保暖效果', '2023-12-06 16:31:23', 1),
(11, '潛水手套.png', '潛水手套', 690, '100', 'S~XL；黑', '手背及手指背部分，採用 2 mm Neoprene 布料，提供良好的保暖性及保護性', '2023-12-06 16:33:34', 1),
(12, '潛水燈.png', 'AL-18LED- 充電式鋁合金潛水燈', 6900, '35', 'F', '充電式鋁合金LED潛水燈', '2023-12-06 16:35:09', 1),
(13, '閃光警示燈.png', 'AL-15A LED閃光警示燈', 1350, '50', 'F', 'LED：Cree XML2-U4\r\n使用時間：72小時以上\r\n警示燈亮度：500+流明\r\n電池：AA *3 (需另購)', '2023-12-06 16:36:50', 1),
(14, '橫膈膜平衡式調節器.png', '8760 橫膈膜平衡式調節器', 11800, '46', 'F', 'YOKE頭-8701可調橫膈膜平衡式一級頭，\r\n中壓可由外部直接調整，\r\n2高壓 4低壓出氣孔/橫式設計，\r\n支援高氧40%，\r\n重量：665 g', '2023-12-06 16:40:37', 1),
(15, '可調式二級頭.png', '8515K SK100 可調式二級頭', 4500, '95', 'F', '順流閥設計的 SK 100 二級頭，擁有外部可調出氣旋鈕，潛水 / 預備潛水調整開關，可避免自動漏氣 (free flow)。標配27吋橡膠黑管及舒適咬嘴。', '2023-12-06 16:42:16', 1),
(16, '雙面鏡 (可配近視).png', 'M-236 雙面鏡 (可配近視)', 1000, '100', 'F；黑', '雙層式設計的襯裙，增加密封性及舒適性，\r\n易於快速調整的按鈕式面鏡邊扣，\r\n輕量化設計，配戴更佳舒適及服貼，\r\n強化玻璃', '2023-12-06 16:44:23', 1),
(17, '潛水面鏡.png', 'M-205SC 自由潛水面鏡', 900, '60', 'F；藍', '使用弧形鏡片的自由潛水面罩，提供潛水員180度的視線範圍\r\n', '2023-12-06 16:46:31', 1),
(18, '三面鏡.png', 'M-3302A 三面鏡', 1000, '65', 'F；藍', '三面鏡可提供前方及兩側視窗更佳的視野範圍，100%高品質矽膠材質', '2023-12-06 16:47:54', 1),
(19, '防浪呼吸管.png', '1032AS 防浪呼吸管', 700, '110', 'F；藍', '頂部防浪頭設計，可減少水自頂部進入呼吸管內，寬扁管設計減低水阻，亦提供最佳的進氣及排水效果', '2023-12-06 16:49:41', 1),
(20, '深度腕錶.png', '6430 深度腕錶', 2900, '25', 'F', '70米深度計，高精度和可讀性', '2023-12-06 16:51:05', 1),
(21, '三用錶.png', '6300 三用錶', 7900, '10', 'F', '潛水三用錶(壓力+深度+指北針)\r\n70米深度計、400 bar 壓力錶', '2023-12-06 16:52:57', 1),
(22, '彈性繩指北針腕錶.png', '6560 彈性繩指北針腕錶', 2100, '15', 'F', '小巧緊湊的全傾斜指北針，快速且易於穿戴，易於調節，高精度和可讀性，用於正面和側面讀數的醒目指標', '2023-12-06 16:54:30', 1),
(23, '桶型乾式袋.png', '7112-15L 桶型乾式袋', 650, '40', 'F；黃', '500D PVC防水布(厚度0.5mm)，附有可拆卸式調整背帶', '2023-12-06 17:15:57', 1),
(24, '浮潛大網袋.png', 'MB-3 浮潛大網袋', 200, '70', 'F', '可放入浮潛三寶：面鏡、呼吸管、蛙鞋，內有小置物袋，束口帶亦可肩背', '2023-12-06 16:57:18', 1),
(25, 'one蛙鞋.png', 'MUNDIAL ONE', 3500, '45', '尺寸：38~44 cm', '具有高靈活性的長蛙鞋(適合初學者或新手)，\r\n一體式腳套與蹼面，\r\n舒適高彈性材質腳套，\r\n導流設計，提供良好的推進力道，\r\n蹼面長度：61 cm', '2023-12-06 16:59:38', 1),
(26, '蛙鞋POWERJET.png', '蛙鞋 POWERJET', 6300, '25', '尺寸：38~44 cm；黃', '超彈性 POWERJET 技術蹼面，減少阻力提供強大的推進力，使蹼面可以更精確的控制，兩個導流排水孔，獨家設計的側邊彈性結構', '2023-12-06 17:01:33', 1),
(27, '蛙鞋mo.png', '蛙鞋 MUNDIAL ONE - 50', 2800, '30', '尺寸：38~44 cm；藍', '半長蛙鞋， 一體式無縫腳套與蹼面', '2023-12-06 17:05:44', 1),
(28, 'TORNADO.png', '9710 NEW TORNADO', 17500, '8', '尺寸：XS~XL', '頸部、肩部採用軟布料包覆，為潛水員提供更多的支撐和緩衝，還有特殊設計高度可調整式胸扣帶，對應多種身材，穿脫便利', '2023-12-06 17:08:46', 1),
(29, 'GLACIER.png', '9200 GLACIER', 17500, '5', '尺寸：XS~L', '夾克式BCD採空氣平衡式設計通體流動、無內膽構造的氣囊, 包括肩帶部份整件都可充氣', '2023-12-06 17:10:18', 1),
(30, '救生衣.png', '9000 CYCLONE', 11900, '20', '尺寸：XXS~XXL', '氣囊：1000D Cordura Nylon 布料，PU塗層，左肩防爆排氣閥，可換成備用二級充排氣閥系統', '2023-12-06 17:12:09', 1),
(31, '鈦合金潛水刀.png', '3006T 鈦合金潛水刀', 2200, '13', 'F；藍', '刀刃含有鋸齒邊緣及割繩功能，刀殼快速釋放取刀；快卸橡膠刀帶\r\n • 材質：鈦合金', '2023-12-06 17:14:04', 1),
(32, '不鏽鋼潛水刀.png', '3006 不鏽鋼潛水刀', 1100, '15', 'F；灰', '刀刃含有鋸齒邊緣及割繩功能，刀殼快速釋放取刀；快卸橡膠刀帶\r\n • 材質：304 S.S.', '2023-12-06 17:15:16', 1),
(33, '頭套.png', '潛水頭套', 1080, '120', '尺寸：S~XL', '3 mm Neoprene 材質布料，加長至肩膀的設計，防止熱量流失', '2023-12-06 17:22:26', 1),
(34, '膠底套鞋.png', '潛水膠底套鞋', 790, '28', '尺寸：38~44 cm', '3 mm Nylon II Neoprene材質布料\r\n • 橡膠鞋底', '2023-12-06 17:23:28', 1),
(35, '裝備帶.png', '7108 浮潛裝備背袋', 1080, '34', 'F；藍', '頂部附有 2.5 cm 寬Nylon織帶，可輕鬆提拿，後側有長度可調的 4 cm 寬Nylon織帶，方便肩背', '2023-12-12 08:01:50', 1),
(36, '71hc376V+AL._AC_SY300_SX300_.jpg', 'test', 12000, '10', 'XS、S、M、L、XL；黑', 'test', '2023-12-12 08:10:12', 1),
(37, 'member.sql', '張', 0, 'fasf', 'afsdfa', 'fasdf', '2023-12-13 06:19:41', 1);

--
-- 已傾印資料表的索引
--

--
-- 資料表索引 `coach`
--
ALTER TABLE `coach`
  ADD PRIMARY KEY (`id`);

--
-- 資料表索引 `coach_license`
--
ALTER TABLE `coach_license`
  ADD PRIMARY KEY (`id`);

--
-- 資料表索引 `coupon`
--
ALTER TABLE `coupon`
  ADD PRIMARY KEY (`id`);

--
-- 資料表索引 `lesson`
--
ALTER TABLE `lesson`
  ADD PRIMARY KEY (`id`);

--
-- 資料表索引 `license`
--
ALTER TABLE `license`
  ADD PRIMARY KEY (`id`);

--
-- 資料表索引 `member`
--
ALTER TABLE `member`
  ADD PRIMARY KEY (`id`);

--
-- 資料表索引 `notice`
--
ALTER TABLE `notice`
  ADD PRIMARY KEY (`id`);

--
-- 資料表索引 `product`
--
ALTER TABLE `product`
  ADD PRIMARY KEY (`id`);

--
-- 在傾印的資料表使用自動遞增(AUTO_INCREMENT)
--

--
-- 使用資料表自動遞增(AUTO_INCREMENT) `coach`
--
ALTER TABLE `coach`
  MODIFY `id` int(4) UNSIGNED NOT NULL AUTO_INCREMENT, AUTO_INCREMENT=35;

--
-- 使用資料表自動遞增(AUTO_INCREMENT) `coach_license`
--
ALTER TABLE `coach_license`
  MODIFY `id` int(6) NOT NULL AUTO_INCREMENT, AUTO_INCREMENT=17;

--
-- 使用資料表自動遞增(AUTO_INCREMENT) `coupon`
--
ALTER TABLE `coupon`
  MODIFY `id` int(3) NOT NULL AUTO_INCREMENT, AUTO_INCREMENT=53;

--
-- 使用資料表自動遞增(AUTO_INCREMENT) `lesson`
--
ALTER TABLE `lesson`
  MODIFY `id` int(6) UNSIGNED NOT NULL AUTO_INCREMENT;

--
-- 使用資料表自動遞增(AUTO_INCREMENT) `license`
--
ALTER TABLE `license`
  MODIFY `id` int(11) NOT NULL AUTO_INCREMENT, AUTO_INCREMENT=5;

--
-- 使用資料表自動遞增(AUTO_INCREMENT) `member`
--
ALTER TABLE `member`
  MODIFY `id` int(3) NOT NULL AUTO_INCREMENT, AUTO_INCREMENT=65;

--
-- 使用資料表自動遞增(AUTO_INCREMENT) `notice`
--
ALTER TABLE `notice`
  MODIFY `id` int(10) NOT NULL AUTO_INCREMENT, AUTO_INCREMENT=26;

--
-- 使用資料表自動遞增(AUTO_INCREMENT) `product`
--
ALTER TABLE `product`
  MODIFY `id` int(3) UNSIGNED NOT NULL AUTO_INCREMENT, AUTO_INCREMENT=38;
COMMIT;

/*!40101 SET CHARACTER_SET_CLIENT=@OLD_CHARACTER_SET_CLIENT */;
/*!40101 SET CHARACTER_SET_RESULTS=@OLD_CHARACTER_SET_RESULTS */;
/*!40101 SET COLLATION_CONNECTION=@OLD_COLLATION_CONNECTION */;
